file,snr_enhanced,pesq_enhanced,stoi_enhanced,snr_noisy,pesq_noisy,stoi_noisy
000001,22.868330835043977,2.833629846572876,0.947137524765189,17.863025972045875,2.159186363220215,0.9332723839202027
000002,12.940870887121589,2.34114408493042,0.9201054004129288,5.457814616691947,1.212299108505249,0.8105047113916374
000003,13.609123569533189,1.7649884223937988,0.9061560223754114,11.145212977005336,1.1608376502990723,0.8912073729350446
000004,13.886664637521557,2.473681926727295,0.9857920486634353,12.977061325025474,1.4790207147598267,0.9937290889742665
000005,14.52722869280242,2.3077611923217773,0.9539819102792213,9.304020133262727,1.3114802837371826,0.8701146268249719
000006,13.016079938419562,2.3769679069519043,0.9612101785166034,7.061537410318802,1.3880174160003662,0.9574773200222174
000007,15.28971994399679,2.881742477416992,0.9497109038010637,15.364680608416188,1.6877963542938232,0.8964870001992442
000008,13.168754395061299,2.165886163711548,0.9191367875865153,12.127233808441527,1.4706401824951172,0.8829399939337417
000009,16.931606744344837,2.260493755340576,0.978158827685899,10.728959854770377,1.4360685348510742,0.9712188741659002
000010,15.514393646762652,2.2507107257843018,0.958546686710996,4.969172581216038,1.231682538986206,0.906233865926853
000011,10.536541464204179,2.263927936553955,0.9180897352531272,13.22737058613397,1.6345851421356201,0.9458543054390842
000012,18.544487833244837,2.1274428367614746,0.94538848019381,15.690538455234023,1.8742244243621826,0.9398335060421271
000013,15.030235276701443,1.936799168586731,0.9077300232747414,12.901138987503217,1.5919666290283203,0.9571092666369251
000014,16.326747134303726,2.3289601802825928,0.9456022552315233,10.969220994615531,2.0289602279663086,0.8338234977677617
000015,14.210730659749304,2.258681058883667,0.8880666681687714,9.574418641177497,1.315653681755066,0.8145665051381522
000016,18.991450500018846,2.376317262649536,0.967217066734561,14.58048302939638,1.1638903617858887,0.9367637758799416
000017,13.74614968784294,2.304065227508545,0.9250462620210865,2.982356326699253,1.2486854791641235,0.8305322911836949
000018,15.818658628930283,2.0749566555023193,0.9466588432274337,7.846415559805622,1.1718670129776,0.8858986357896786
000019,18.042043492364822,2.611867666244507,0.9731177995392597,15.70488273118033,1.5424659252166748,0.978837210672226
000020,11.03072654038322,2.0905327796936035,0.863054597333956,12.423889052283412,1.744406819343567,0.9363309997171267
000021,14.785123948726897,2.1721789836883545,0.9161349575607868,8.581225381853997,1.1416822671890259,0.8051140107759317
000022,15.055981662050073,2.734981060028076,0.9617920526809685,10.760060176536335,1.289941668510437,0.9097921685393852
000023,16.621345859734173,2.3725452423095703,0.9147846152374746,8.429942118778147,1.16621994972229,0.8114458676108746
000024,12.634767182251716,1.7256401777267456,0.9236942418304156,3.8052846303210823,1.0889270305633545,0.8468734872493245
000025,15.07592148473788,2.316676139831543,0.9098805931943168,9.674546069918451,1.562077283859253,0.8856462948829502
000026,11.224115223809598,2.777843952178955,0.9377150377644755,7.441816926891514,1.428720474243164,0.8507486642670651
000027,12.348973760521147,1.3919392824172974,0.8746909134298676,7.412924912640447,1.0454566478729248,0.8426163000362729
000028,16.584557359855218,2.976080894470215,0.9550111202977968,7.460563574128222,1.452322006225586,0.8544298005618234
000029,14.063587592262362,2.280125141143799,0.9383174024592787,9.450656323858183,1.2578526735305786,0.8746114623990352
000030,19.56714568336758,3.154176950454712,0.9768135721131783,16.19361382935543,1.896873950958252,0.9657743253583331
000031,14.837914131081183,2.457223653793335,0.9618212665046301,7.438712053689081,1.2650171518325806,0.9374613392614916
000032,19.790794893122893,3.1541833877563477,0.9577270695314862,12.734697818331922,1.5250523090362549,0.9039699467562421
000033,16.679817812449652,2.5729570388793945,0.9275026725724153,11.196975069726369,1.1713848114013672,0.8151552851334826
000034,13.920285074178402,2.8040528297424316,0.8523506944351508,6.573549621960138,1.5647261142730713,0.821441615156462
000035,12.167600621796932,2.7460880279541016,0.9585845568410192,19.49276259944614,2.410447359085083,0.948444426904951
000036,9.35353192475111,1.9999828338623047,0.9536954107165408,13.84551864948187,1.7023072242736816,0.9535577249689078
000037,15.148974473351057,2.51320481300354,0.9523074365768788,9.888869833821222,1.1969618797302246,0.904642822606221
000038,15.177053932471505,2.4148662090301514,0.9483268054847478,10.823072382460897,1.6909232139587402,0.9083900144299406
000039,17.736534629050237,2.3998565673828125,0.9085022293717306,9.484059825179138,1.2814136743545532,0.8366039683786503
000040,12.679187262222973,1.6829173564910889,0.9393308001548298,6.60416517463307,1.126429796218872,0.866460911169798
000041,13.618780296346136,1.6142303943634033,0.8766623516960691,6.190365319566831,1.237432837486267,0.7752120979111375
000042,13.732406299450464,2.491521120071411,0.9497639172268509,13.269897594945162,1.569506287574768,0.9248817803596937
000043,9.573800334662009,1.9868992567062378,0.8938966435363305,7.211114657702052,1.2057995796203613,0.8589493877418999
000044,14.22658261209014,2.320478916168213,0.8988834441725605,6.592261375990885,1.229465126991272,0.6845847630488796
000045,13.90121187876776,2.626701593399048,0.8086219542958166,6.79649065591407,1.3430819511413574,0.7167846621388823
000046,15.535561257159925,2.2919113636016846,0.9716805276012448,7.348142761274742,1.217145562171936,0.9623406550789214
000047,10.930764402044717,3.375828504562378,0.9751214375182619,18.480159246049908,2.0128557682037354,0.9544849854028828
000048,17.19659502239155,2.576068162918091,0.9690114168644438,11.337976495356623,1.8214442729949951,0.9575973833639828
000049,17.206792299003297,2.6454412937164307,0.9768639398316553,13.890323489579735,1.5808641910552979,0.9665875386320912
000050,14.312709778669818,1.5918574333190918,0.8313990215741178,14.727579154533563,1.3196451663970947,0.8973296495125863
000051,18.930299845165504,2.3120195865631104,0.9787762369600905,11.437098715343211,1.287658452987671,0.9568515644309706
000052,13.922353100376608,1.7078814506530762,0.8568132858885313,6.124020384303658,1.1758465766906738,0.7932548704352189
000053,17.109437747173782,2.3733513355255127,0.9675043985771196,15.13788050533919,1.4756474494934082,0.958241050081749
000054,23.06964071264828,3.4741480350494385,0.9948007986212796,17.31940785281465,2.267634868621826,0.9943478687176818
000055,14.790710192805559,2.0150511264801025,0.8362202276534232,7.25042170009636,1.299298644065857,0.7335687581005185
000056,14.00224474517939,2.328368663787842,0.966873949710703,6.153266871473426,1.247679352760315,0.9313622005765999
000057,17.034096681955614,2.2207980155944824,0.9604525889806764,9.027965784693265,1.628092646598816,0.9525027041953513
000058,7.948545233655042,2.204745292663574,0.87506698799603,19.15983860685477,2.9783260822296143,0.9115262053134892
000059,7.082681720006746,1.8063169717788696,0.902761022235673,13.547287673799142,1.631824016571045,0.9873962938379588
000060,12.684354535576606,1.5782444477081299,0.8601667826729159,4.202927124073959,1.0762979984283447,0.7700529776079307
000061,12.741338619328497,2.330338716506958,0.9376319575899159,5.172840089951624,1.1855593919754028,0.8489056029538627
000062,17.79210977492641,3.004159927368164,0.9887219250546213,15.97872462912983,1.8021756410598755,0.971992195976264
000063,10.472978659133608,1.879022479057312,0.8832321449235219,11.110116988553997,1.4149197340011597,0.8089936873975317
000064,12.799554638712678,2.2357118129730225,0.913061719064973,14.23662686930313,1.6155979633331299,0.8212176244937958
000065,14.25113432616676,2.233736753463745,0.9306692410210192,6.056897116599895,1.2048938274383545,0.8737772526166551
000066,17.70603440670464,2.02006459236145,0.9591971892205626,6.571384261437402,1.2131589651107788,0.9343327275272578
000067,9.941424688364386,1.4969241619110107,0.858404117279109,4.712903725669257,1.1355633735656738,0.8122880711085642
000068,10.881302690152273,2.0189208984375,0.9134616037894202,2.444124808313059,1.2745412588119507,0.8632177017067689
000069,12.664091551292643,1.7641456127166748,0.9152348731548922,14.513739100188804,1.5614821910858154,0.9578421390722117
000070,15.839933113352956,1.6082475185394287,0.9499553346141419,11.999175711380163,1.2721611261367798,0.9275382821217841
000071,21.754942544131282,3.433422327041626,0.9840071703187931,16.855908632721118,1.9293402433395386,0.9669116149025239
000072,12.662793752214972,2.0873870849609375,0.8981060422632066,8.207682824485868,1.2434791326522827,0.8451537022811753
000073,11.09234816883019,1.7680683135986328,0.9254509109421024,3.7931591372322693,1.0776492357254028,0.8515551063208009
000074,14.926656558503284,2.1771585941314697,0.9138473413614938,16.546024072615,1.8864805698394775,0.9398367716418851
000075,15.035520080273049,1.5793752670288086,0.9166437655868892,9.03161859594239,1.0794790983200073,0.9108576370719764
000076,11.534431090904922,2.7209010124206543,0.9275637501287489,2.7857654051957454,1.682570457458496,0.9537407564979251
000077,15.793113295594763,2.3687806129455566,0.9551932301953723,8.808202094108065,1.2010927200317383,0.8577469574739746
000078,10.577389231607233,1.9319770336151123,0.9010273324969934,7.887561805594579,1.2701599597930908,0.8388189178565808
000079,10.91681644484957,1.3319023847579956,0.8250724764555215,5.737968663010181,1.0408399105072021,0.8842662145097628
000080,17.49178382097744,2.279675006866455,0.9736293648694948,9.913014199925907,1.9689435958862305,0.9303402387694722
000081,11.018104897344132,1.537881851196289,0.9227479511365883,13.52361713885092,1.3199187517166138,0.9654993365756516
000082,18.135622046504945,2.633882761001587,0.9407909122626694,11.557467049387611,1.3269579410552979,0.9129098565039919
000083,12.533216003169885,1.895894169807434,0.9015844079527022,1.6873634975185148,1.1962597370147705,0.7638471404680258
000084,18.672975042622358,3.1299571990966797,0.972486594536179,10.996320939328614,2.143902063369751,0.9406130442686959
000085,17.263487923248128,3.3113937377929688,0.97662548642855,6.231897176630431,1.2625902891159058,0.8763844624242402
000086,8.558346521318382,1.6571568250656128,0.907985688783445,0.26630573979219696,1.4111275672912598,0.8959004191907204
000087,13.766274549403006,2.0397372245788574,0.8878599026475872,7.651154117846653,1.6214087009429932,0.9328390472536396
000088,16.122211124672436,2.5285472869873047,0.9737284962940185,17.966014050891634,2.536952018737793,0.9578341455771272
000089,14.049953273737113,1.7286748886108398,0.9513758510815196,7.326544657012176,1.2070873975753784,0.937840026900258
000090,14.452136458455946,2.452514410018921,0.8737482829150154,7.583716753626906,1.1950178146362305,0.8217602870557584
000091,14.48548257355858,2.2169508934020996,0.8470166687621928,9.049198458453892,1.2449047565460205,0.8331268287242154
000092,17.88606340597066,3.028759002685547,0.9808399928006176,8.337949870543648,1.5513213872909546,0.9159363517809712
000093,21.680529623114275,3.237753391265869,0.9678985816618021,16.91061914934756,2.080627918243408,0.925998874857021
000094,16.021373860733323,2.1716201305389404,0.9285659307559583,5.510403998794314,1.1947227716445923,0.8707702409654847
000095,13.31886192196431,1.8455694913864136,0.8830129478244219,4.305949321874292,1.2372701168060303,0.7375450865142362
000096,11.257708640177736,1.8432435989379883,0.9288515576723887,4.3872813111112166,1.1092826128005981,0.8656180530252626
000097,11.845436717937776,1.987334966659546,0.9091923153262983,5.177675539359202,1.1353890895843506,0.8094527852666467
000098,7.466649482141634,1.7494657039642334,0.8762732338232528,8.451244872700803,1.1312971115112305,0.8186466007701856
000099,12.040014733828986,2.024317741394043,0.9303439893491028,6.160044750555312,1.1586278676986694,0.855429089099619
000100,16.48960881656211,2.407444953918457,0.9704914593975199,17.81485816012317,1.5857429504394531,0.9436266118872816
