file,snr_enhanced,pesq_enhanced,stoi_enhanced,snr_noisy,pesq_noisy,stoi_noisy
000001,21.92618275497356,2.8237411975860596,0.9469869412457288,17.863025972045875,2.159186363220215,0.9332723839202027
000002,9.63500969049323,2.3131768703460693,0.9201252030470641,5.457814616691947,1.212299108505249,0.8105047113916374
000003,6.490631733310387,1.749503493309021,0.9061097028582477,11.145212977005336,1.1608376502990723,0.8912073729350446
000004,11.8206416351697,2.438499689102173,0.9858437558869476,12.977061325025474,1.4790207147598267,0.9937290889742665
000005,14.41329438798027,2.3038694858551025,0.9540479977496655,9.304020133262727,1.3114802837371826,0.8701146268249719
000006,9.388317370310745,2.363189697265625,0.9612006443073514,7.061537410318802,1.3880174160003662,0.9574773200222174
000007,13.219258596013663,2.9126248359680176,0.9498238516324405,15.364680608416188,1.6877963542938232,0.8964870001992442
000008,12.067746183596785,2.201021909713745,0.9191141886683789,12.127233808441527,1.4706401824951172,0.8829399939337417
000009,16.849676273191754,2.2409584522247314,0.9781288145204566,10.728959854770377,1.4360685348510742,0.9712188741659002
000010,14.565545011006671,2.2270004749298096,0.9584872535520662,4.969172581216038,1.231682538986206,0.906233865926853
000011,6.986318323833972,2.2585129737854004,0.9181338896220261,13.22737058613397,1.6345851421356201,0.9458543054390842
000012,18.519120811480832,2.0919008255004883,0.9453889413183313,15.690538455234023,1.8742244243621826,0.9398335060421271
000013,14.624818499088532,1.9129455089569092,0.9078226459338049,12.901138987503217,1.5919666290283203,0.9571092666369251
000014,17.181096969026793,2.325705051422119,0.945609307988441,10.969220994615531,2.0289602279663086,0.8338234977677617
000015,11.143911923222223,2.2299442291259766,0.8880826750598343,9.574418641177497,1.315653681755066,0.8145665051381522
000016,19.52661151541359,2.353091239929199,0.9672430787497851,14.58048302939638,1.1638903617858887,0.9367637758799416
000017,12.625519057639947,2.278888702392578,0.9249766872743127,2.982356326699253,1.2486854791641235,0.8305322911836949
000018,15.289159162997784,2.062927484512329,0.9466447725397741,7.846415559805622,1.1718670129776,0.8858986357896786
000019,16.8603381527076,2.5964760780334473,0.9731410133494149,15.70488273118033,1.5424659252166748,0.978837210672226
000020,5.624016566506301,2.0797460079193115,0.8630525549466124,12.423889052283412,1.744406819343567,0.9363309997171267
000021,14.301634457939873,2.1589925289154053,0.9162100090653115,8.581225381853997,1.1416822671890259,0.8051140107759317
000022,13.737980566888178,2.499382257461548,0.9617859377593444,10.760060176536335,1.289941668510437,0.9097921685393852
000023,16.5770064473033,2.351731300354004,0.91485337943847,8.429942118778147,1.16621994972229,0.8114458676108746
000024,12.318781763034261,1.7125558853149414,0.9234968439830746,3.8052846303210823,1.0889270305633545,0.8468734872493245
000025,14.391627234667276,2.3084590435028076,0.9097934882529803,9.674546069918451,1.562077283859253,0.8856462948829502
000026,7.286583561632111,2.7720634937286377,0.9377152816244199,7.441816926891514,1.428720474243164,0.8507486642670651
000027,12.015138985094344,1.3857651948928833,0.874673634907895,7.412924912640447,1.0454566478729248,0.8426163000362729
000028,16.040900409063227,2.9642577171325684,0.9548552934296598,7.460563574128222,1.452322006225586,0.8544298005618234
000029,14.147111722018447,2.2712948322296143,0.9381731089843873,9.450656323858183,1.2578526735305786,0.8746114623990352
000030,20.308656713041735,3.1395366191864014,0.9767501416670116,16.19361382935543,1.896873950958252,0.9657743253583331
000031,14.718805688685077,2.4483554363250732,0.9617793157144892,7.438712053689081,1.2650171518325806,0.9374613392614916
000032,19.09604147579468,3.144620656967163,0.9577147050222639,12.734697818331922,1.5250523090362549,0.9039699467562421
000033,16.136599147623926,2.556628942489624,0.9273742745871076,11.196975069726369,1.1713848114013672,0.8151552851334826
000034,12.596088710169527,2.7733523845672607,0.8521799226181123,6.573549621960138,1.5647261142730713,0.821441615156462
000035,12.801541703061641,2.71565842628479,0.9585201110016826,19.49276259944614,2.410447359085083,0.948444426904951
000036,9.150881672540418,1.9819152355194092,0.953617200589267,13.84551864948187,1.7023072242736816,0.9535577249689078
000037,15.256273354047154,2.4967899322509766,0.9524390534657888,9.888869833821222,1.1969618797302246,0.904642822606221
000038,15.466842168264687,2.4041452407836914,0.9484073420685356,10.823072382460897,1.6909232139587402,0.9083900144299406
000039,17.014350425040107,2.3885464668273926,0.9085120760538304,9.484059825179138,1.2814136743545532,0.8366039683786503
000040,10.276555095600685,1.6738505363464355,0.9393300132075264,6.60416517463307,1.126429796218872,0.866460911169798
000041,13.382791347382714,1.6095976829528809,0.8764911482621524,6.190365319566831,1.237432837486267,0.7752120979111375
000042,9.89829783687592,2.494048833847046,0.9497897864811452,13.269897594945162,1.569506287574768,0.9248817803596937
000043,8.419464970173632,1.975236177444458,0.8937970872059215,7.211114657702052,1.2057995796203613,0.8589493877418999
000044,14.04996113390498,2.3171510696411133,0.898970658041385,6.592261375990885,1.229465126991272,0.6845847630488796
000045,14.097455540523713,2.6063334941864014,0.8089274784331086,6.79649065591407,1.3430819511413574,0.7167846621388823
000046,15.548884814106083,2.2882895469665527,0.9716992588602565,7.348142761274742,1.217145562171936,0.9623406550789214
000047,18.48282247994909,3.3632309436798096,0.9751166523761786,18.480159246049908,2.0128557682037354,0.9544849854028828
000048,16.695734520218505,2.533092975616455,0.9690300226685495,11.337976495356623,1.8214442729949951,0.9575973833639828
000049,17.274533741919058,2.654310703277588,0.9768517175326249,13.890323489579735,1.5808641910552979,0.9665875386320912
000050,7.420366284462935,1.5877653360366821,0.8313723452710421,14.727579154533563,1.3196451663970947,0.8973296495125863
000051,18.4729920730322,2.347092390060425,0.9787946210317003,11.437098715343211,1.287658452987671,0.9568515644309706
000052,13.646946306477414,1.693634033203125,0.8568407258871044,6.124020384303658,1.1758465766906738,0.7932548704352189
000053,18.01895226896972,2.3887693881988525,0.9676098555660892,15.13788050533919,1.4756474494934082,0.958241050081749
000054,22.558187667345997,3.457535743713379,0.9947969645733963,17.31940785281465,2.267634868621826,0.9943478687176818
000055,14.5786502725891,2.0058209896087646,0.8362185254718886,7.25042170009636,1.299298644065857,0.7335687581005185
000056,13.67350578795623,2.3126041889190674,0.966812731599347,6.153266871473426,1.247679352760315,0.9313622005765999
000057,16.596753173246235,2.186128616333008,0.9604458804897934,9.027965784693265,1.628092646598816,0.9525027041953513
000058,7.45340434283717,2.122008800506592,0.8705994300849009,19.15983860685477,2.9783260822296143,0.9115262053134892
000059,4.938109182853133,1.7847554683685303,0.9026862771704337,13.547287673799142,1.631824016571045,0.9873962938379588
000060,12.702495469337546,1.5643631219863892,0.8602583315262712,4.202927124073959,1.0762979984283447,0.7700529776079307
000061,12.619829859934919,2.3104407787323,0.9376490518974173,5.172840089951624,1.1855593919754028,0.8489056029538627
000062,17.05551834441716,2.991798162460327,0.9887362707575564,15.97872462912983,1.8021756410598755,0.971992195976264
000063,12.71048218618818,1.841982126235962,0.8834824482573272,11.110116988553997,1.4149197340011597,0.8089936873975317
000064,12.43146823025246,2.217374324798584,0.9129492452874062,14.23662686930313,1.6155979633331299,0.8212176244937958
000065,14.577868178990085,2.2385971546173096,0.9306459572436635,6.056897116599895,1.2048938274383545,0.8737772526166551
000066,17.425416365541675,2.0051064491271973,0.9592012346255855,6.571384261437402,1.2131589651107788,0.9343327275272578
000067,9.572450903559929,1.4824371337890625,0.8582697595346357,4.712903725669257,1.1355633735656738,0.8122880711085642
000068,10.396225310921444,2.0106148719787598,0.9135318069438308,2.444124808313059,1.2745412588119507,0.8632177017067689
000069,12.78643696099653,1.7354367971420288,0.9152912869850492,14.513739100188804,1.5614821910858154,0.9578421390722117
000070,15.57497528081453,1.6162141561508179,0.949876973937653,11.999175711380163,1.2721611261367798,0.9275382821217841
000071,21.57113654569023,3.4209225177764893,0.9840047604434424,16.855908632721118,1.9293402433395386,0.9669116149025239
000072,10.127190015971939,2.06024169921875,0.8978793606299378,8.207682824485868,1.2434791326522827,0.8451537022811753
000073,11.238430067349846,1.744674563407898,0.9254365273988638,3.7931591372322693,1.0776492357254028,0.8515551063208009
000074,13.47006311380598,2.1638333797454834,0.9138199064357759,16.546024072615,1.8864805698394775,0.9398367716418851
000075,14.812083178628825,1.5679047107696533,0.9165832655049275,9.03161859594239,1.0794790983200073,0.9108576370719764
000076,9.08278097272808,2.7012953758239746,0.927568311127268,2.7857654051957454,1.682570457458496,0.9537407564979251
000077,12.040809041403417,2.361217737197876,0.9549236555524833,8.808202094108065,1.2010927200317383,0.8577469574739746
000078,8.011378117011468,1.9486711025238037,0.9011146367264864,7.887561805594579,1.2701599597930908,0.8388189178565808
000079,10.74685227486656,1.3315385580062866,0.8251633396706995,5.737968663010181,1.0408399105072021,0.8842662145097628
000080,17.4142905629388,2.227132558822632,0.9735893799062137,9.913014199925907,1.9689435958862305,0.9303402387694722
000081,11.10826234593194,1.5351539850234985,0.9226635366352098,13.52361713885092,1.3199187517166138,0.9654993365756516
000082,17.680216973603997,2.5871965885162354,0.940786011368928,11.557467049387611,1.3269579410552979,0.9129098565039919
000083,12.386743396699378,1.877495527267456,0.9015914259203555,1.6873634975185148,1.1962597370147705,0.7638471404680258
000084,18.49312210059724,3.1584670543670654,0.9725282294969687,10.996320939328614,2.143902063369751,0.9406130442686959
000085,16.85838270353178,3.315512180328369,0.9766146609066214,6.231897176630431,1.2625902891159058,0.8763844624242402
000086,8.843992136779637,1.6276979446411133,0.9079388500713352,0.26630573979219696,1.4111275672912598,0.8959004191907204
000087,13.198842747926896,2.038010597229004,0.8878490087011565,7.651154117846653,1.6214087009429932,0.9328390472536396
000088,15.586858456536275,2.5221264362335205,0.9736895199966182,17.966014050891634,2.536952018737793,0.9578341455771272
000089,8.157158727215824,1.7159996032714844,0.9511421983010852,7.326544657012176,1.2070873975753784,0.937840026900258
000090,14.460778709041467,2.438541889190674,0.8740971584257891,7.583716753626906,1.1950178146362305,0.8217602870557584
000091,13.976295253971813,2.2384448051452637,0.8470818033451181,9.049198458453892,1.2449047565460205,0.8331268287242154
000092,18.007306282172696,3.008664608001709,0.9808542639839744,8.337949870543648,1.5513213872909546,0.9159363517809712
000093,20.62228185109578,3.2252678871154785,0.9678688938165233,16.91061914934756,2.080627918243408,0.925998874857021
000094,15.704712489801494,2.1587493419647217,0.9285631273612507,5.510403998794314,1.1947227716445923,0.8707702409654847
000095,10.9164020574432,1.848494529724121,0.8830023008414908,4.305949321874292,1.2372701168060303,0.7375450865142362
000096,10.548826906416098,1.8203325271606445,0.928766822320189,4.3872813111112166,1.1092826128005981,0.8656180530252626
000097,11.4050031147104,1.9647817611694336,0.9091291384808738,5.177675539359202,1.1353890895843506,0.8094527852666467
000098,10.875848253797907,1.7408363819122314,0.8760669013531815,8.451244872700803,1.1312971115112305,0.8186466007701856
000099,12.403764957951571,2.0066494941711426,0.9306090518475214,6.160044750555312,1.1586278676986694,0.855429089099619
000100,16.320591921362414,2.3790738582611084,0.9704738683447522,17.81485816012317,1.5857429504394531,0.9436266118872816
