file,stage,snr,si_sdr,pesq,stoi,lag_samples_16k,gain
000001,noisy,17.91756721775668,17.84684450243058,2.1591858863830566,0.9332723843251829,0,0.9858002064335463
000001,preprocessed,18.746749413410416,18.68840174758051,2.1665873527526855,0.9333471108692517,0,1.8082476223893384
000001,enhanced,22.994384522968417,22.97253520590942,2.8771116733551025,0.9572840568430149,0,1.9019966417149783
000001,postprocessed,22.99737542050916,22.975541183324562,2.8925323486328125,0.9573440391118202,0,1.0000807201107205
000002,noisy,6.552986769249359,5.467484181371754,1.2122995853424072,0.8105047103207517,0,0.7779778029197089
000002,preprocessed,8.618645917250763,7.976503589189865,1.2183821201324463,0.8106499969114749,0,1.429350415087841
000002,enhanced,12.474282010128348,12.221387454366253,2.1325578689575195,0.9181695572228477,0,2.2305842112469443
000002,postprocessed,12.471981837390423,12.218949324667578,2.156808376312256,0.9181507658890634,0,1.0009861076171105
000003,noisy,11.490251607051977,11.170625346542234,1.1608378887176514,0.8912073712782655,0,0.9263820611220012
000003,preprocessed,11.613630563880026,11.303284562867566,1.1715211868286133,0.891236324685799,0,0.790573290861948
000003,enhanced,13.635141042425454,13.442899687514112,1.7829229831695557,0.9060972880407162,0,1.6025670786184134
000003,postprocessed,13.650486678938297,13.458938579359907,1.7963447570800781,0.9061385038335292,0,1.0012455103782094
000004,noisy,13.190491097155517,12.977006923101253,1.4790129661560059,0.9937290889767537,0,0.9520380419037567
000004,preprocessed,13.407824099338526,13.205007609689448,1.485785722732544,0.9937532292729967,0,1.9264486314653233
000004,enhanced,14.138327750062608,13.967537504246199,2.0701920986175537,0.9880442140760115,0,2.3977325074672446
000004,postprocessed,14.538693031609963,14.383216208627118,2.088585376739502,0.9879794470592436,0,1.0190504069076405
000005,noisy,9.798258972376278,9.31767878410524,1.3114773035049438,0.8701146272161931,0,0.893847788825495
000005,preprocessed,9.747651497601927,9.261110879121189,1.311931848526001,0.8700433496170552,0,0.6678533311566159
000005,enhanced,14.905326271347214,14.762645251875917,2.29848575592041,0.955519684573085,0,0.7915564406708531
000005,postprocessed,14.526338533588653,14.370410744498837,2.300137519836426,0.9553938869668068,0,1.0094933502398358
000006,noisy,7.839665419291189,7.05939068088777,1.3880187273025513,0.9574773200435216,0,0.8357568220613217
000006,preprocessed,10.224669571056545,9.791355352495982,1.4947385787963867,0.9577845741089321,0,0.9958749943046655
000006,enhanced,13.540700979664756,13.344136348333572,2.3990676403045654,0.9635317701324357,0,1.4389156795825047
000006,postprocessed,13.521954741767441,13.324520185792768,2.4170665740966797,0.9635443013551575,0,1.0147435919923689
000007,noisy,15.471592470444524,15.346607052160524,1.6877944469451904,0.8964869998769692,0,0.9737331100968368
000007,preprocessed,15.391267673837598,15.263914538840382,1.6861891746520996,0.8964458767169986,0,1.2222714034706565
000007,enhanced,13.608086226494262,13.41461638765078,2.8775460720062256,0.9484134114894174,0,1.5401335295518725
000007,postprocessed,13.37585591410747,13.171505184387044,2.844348430633545,0.9482501939711946,0,1.0059494732671508
000008,noisy,12.393703033145236,12.135929125637436,1.4706370830535889,0.8829399935540921,0,0.9414371709233502
000008,preprocessed,13.531227864820687,13.334224121935158,1.4747759103775024,0.8829412508045822,0,1.7166266431275625
000008,enhanced,14.73681795019864,14.588394489285488,2.2961912155151367,0.9228905751206926,0,2.0198655819938396
000008,postprocessed,14.466263050772834,14.308123318208372,2.296614170074463,0.9228500940805814,0,1.009325476191034
000009,noisy,11.088326036973575,10.736418744622728,1.436068058013916,0.9712188739848058,0,0.9213787736797258
000009,preprocessed,11.920022217760419,11.631534978532041,1.4623081684112549,0.9713565085073395,0,1.857317906488794
000009,enhanced,17.334239027528742,17.253254257222917,2.3023521900177,0.9807505036545195,0,2.041259227436921
000009,postprocessed,17.189582518706853,17.105828232113176,2.318234443664551,0.9807649046318032,0,1.0112813319560976
000010,noisy,6.171817856022691,4.971688615096111,1.2316815853118896,0.9062338659356289,0,0.7583354026766269
000010,preprocessed,8.816732452002512,8.205336905888853,1.2793461084365845,0.9062503763852973,0,0.9075816814889792
000010,enhanced,14.0802469383102,13.907110824919764,2.2491180896759033,0.9532885686081453,0,1.2736324721845433
000010,postprocessed,14.041669042350621,13.866956637256092,2.2644784450531006,0.9532817235335282,0,1.0039512863392681
000011,noisy,13.430410567567769,13.228670951908288,1.634596586227417,0.9458543054659074,0,0.9544674498834442
000011,preprocessed,13.651318853429972,13.459808275080782,1.6369566917419434,0.9458630181732953,0,3.964689970203242
000011,enhanced,11.966998141672246,11.681718757603953,2.358147382736206,0.9346136016240868,0,6.7583851244642625
000011,postprocessed,11.910413198338382,11.621265206100107,2.3642289638519287,0.9345402222331317,0,1.0464737406710993
000012,noisy,15.817143019668634,15.70184491704967,1.8742256164550781,0.9398335056340705,0,0.9725633560921743
000012,preprocessed,16.016738515589164,15.906685617218702,1.8926539421081543,0.9398997142588592,0,0.5929416916103006
000012,enhanced,18.921013676781676,18.864975780164578,2.4394099712371826,0.9478991954025799,0,0.6260091005316657
000012,postprocessed,18.70971870695186,18.650868004243378,2.4614946842193604,0.9479297567544904,0,1.003190958884382
000013,noisy,13.06822172460462,12.848484997389377,1.5919737815856934,0.957109266407905,0,0.9568307055275923
000013,preprocessed,14.653891043233656,14.50255582925803,1.6223819255828857,0.9571834863147738,0,0.5633024001507237
000013,enhanced,13.765269493498469,13.578826458415138,1.9560532569885254,0.9163497337940736,0,0.6637798249924891
000013,postprocessed,13.451770613132737,13.251044014775584,1.9759811162948608,0.9162155224184587,0,1.0059103040104884
000014,noisy,11.330412033807223,10.99833315291031,2.028949737548828,0.8338234895295935,0,0.9233489865831391
000014,preprocessed,11.481207260808981,11.160889485440338,2.046715021133423,0.8338183913514244,0,0.8936865425696278
000014,enhanced,17.336233643752813,17.25528640809221,2.5665876865386963,0.9452371973772667,0,0.9999835608271469
000014,postprocessed,15.829123738877573,15.714147508412768,2.564701557159424,0.945212543796067,0,1.0040799935921978
000015,noisy,10.034925919250867,9.581214390086826,1.3156499862670898,0.8145665041021937,0,0.9000989547823409
000015,preprocessed,11.541416657407142,11.225673339480604,1.3549143075942993,0.8145364439657699,0,0.3453258899266622
000015,enhanced,13.322277513471935,13.115328714050872,2.3166563510894775,0.8878356554508161,0,0.5522780130758098
000015,postprocessed,13.300337004241321,13.09231454920262,2.3357317447662354,0.8877612064198315,0,1.0033448533837213
000016,noisy,14.72077909192147,14.571796949721815,1.1638928651809692,0.9367637765282699,0,0.9672583856988657
000016,preprocessed,15.099482646697348,14.963138844222918,1.1718230247497559,0.9367112752899482,0,1.5473681493660583
000016,enhanced,19.902945788085834,19.858306239093437,2.2537243366241455,0.9666555718298127,0,1.6508183619044219
000016,postprocessed,18.883847320008982,18.827324652768617,2.271653890609741,0.9666031399435878,0,1.0188346553092686
000017,noisy,4.7437393211603816,2.969024668747375,1.2486798763275146,0.8305322908297068,0,0.6655736742311529
000017,preprocessed,4.954810099404188,3.2828654137662405,1.2581526041030884,0.8310072637876275,0,1.4108298143711726
000017,enhanced,13.35431392686154,13.148922642675945,2.08591628074646,0.9235906126029263,0,2.3735457675555724
000017,postprocessed,13.350356982406918,13.144773974814063,2.113908052444458,0.9237003248362162,0,1.0037631904010917
000018,noisy,8.518558620132836,7.860252229222484,1.1718697547912598,0.8858986361751685,0,0.8579872941639526
000018,preprocessed,9.568263622469463,9.059957431785232,1.1788289546966553,0.886031357957993,0,2.2277757224748433
000018,enhanced,15.679550615355522,15.560489844986504,2.1012399196624756,0.9479704830047253,0,2.6970892152056756
000018,postprocessed,15.672233336247812,15.552969013243708,2.1160566806793213,0.9479824061889851,0,1.0018254151163541
000019,noisy,15.818416739304393,15.70315289957236,1.5424748659133911,0.9788372109580694,0,0.9740033047362142
000019,preprocessed,17.11186971516831,17.026588293182208,1.5471316576004028,0.978832700816626,0,0.728944744677471
000019,enhanced,18.049340879458633,17.980748586017807,2.430997371673584,0.9731671265811033,0,0.7987306427920341
000019,postprocessed,17.693003027893923,17.6184948243083,2.440807342529297,0.9731227503779092,0,1.0032296793022972
000020,noisy,12.658347933297305,12.416245928720162,1.7444064617156982,0.9363310002320073,0,0.9466183895399972
000020,preprocessed,13.053606146765137,12.833109554504425,1.7518210411071777,0.936290336776771,0,1.470747748099746
000020,enhanced,11.06561453284704,10.71178487391576,2.078641176223755,0.8872257797276842,0,2.9101436368678333
000020,postprocessed,11.025759595466582,10.668530022791165,2.0904009342193604,0.8871962988682874,0,1.0009192281752808
000021,noisy,9.137046922721677,8.572081730227708,1.1416828632354736,0.805114010341221,0,0.8789464384040567
000021,preprocessed,9.676466473791331,9.18140923234751,1.1440010070800781,0.8052152290055461,0,0.09879044883768309
000021,enhanced,14.155557345708445,13.98545674499478,2.3698997497558594,0.9241042411974835,0,0.12631057889294364
000021,postprocessed,14.151873930126289,13.981626133215133,2.3825154304504395,0.9240286378227822,0,1.005889896179761
000022,noisy,11.079651093910366,10.727010816324114,1.2899428606033325,0.909792168934281,0,0.9256089270823233
000022,preprocessed,11.755629588981298,11.45561975192398,1.266318917274475,0.9099643853704918,0,1.723725580051717
000022,enhanced,13.599131203838088,13.405252976688754,2.4449572563171387,0.957228143921168,0,2.1785996136017682
000022,postprocessed,13.595564785170895,13.401523668366313,2.7450647354125977,0.9572324894724917,0,1.0004210259514104
000023,noisy,9.023715620167456,8.442768858151117,1.1662378311157227,0.8114458676381562,0,0.8735087442651189
000023,preprocessed,11.106164737124534,10.755759737569253,1.1660959720611572,0.8113917465004703,0,0.3450488314989671
000023,enhanced,17.017206663524142,16.93002697002062,2.3872721195220947,0.9192155246607062,0,0.38573960869966206
000023,postprocessed,16.83185832365038,16.740837328340014,2.387174129486084,0.919111663577029,0,1.004235284143731
000024,noisy,5.272362162587828,3.7418844262982427,1.0889254808425903,0.8468734876476489,0,0.7081908513803437
000024,preprocessed,6.29952918987798,5.139274463565141,1.111104130744934,0.8468466430565255,0,1.4333553455913846
000024,enhanced,12.526666820321356,12.276893265949235,1.7089128494262695,0.9214476970261647,0,2.0145701727277556
000024,postprocessed,12.540270191465705,12.291300601886848,1.7260549068450928,0.9216355727046286,0,1.0043060226617455
000025,noisy,10.100712531931075,9.654185090940983,1.5620753765106201,0.8856462951174613,0,0.9044334076694783
000025,preprocessed,11.166508910150645,10.821136528935684,1.5650062561035156,0.8860079435219612,0,1.6113430667618651
000025,enhanced,14.730855461806065,14.582224558922729,2.3012216091156006,0.9136713736129157,0,1.9287340397863928
000025,postprocessed,14.733062937239632,14.584508869377146,2.3150768280029297,0.9137636222094605,0,1.0005797554728035
000026,noisy,8.155018030640731,7.434201095224399,1.4287176132202148,0.8507486641782734,0,0.8478129155051474
000026,preprocessed,8.156869823894384,7.436387132069665,1.4291995763778687,0.8507492098091809,0,1.2120533942800489
000026,enhanced,11.570486088228705,11.2569270453032,2.542144536972046,0.9360849562218173,0,2.2211434923668385
000026,postprocessed,11.573987120572207,11.26069008608473,2.5450565814971924,0.936085114798531,0,1.0004267529126452
000027,noisy,8.1193842433057,7.392102613835048,1.0454566478729248,0.8426162999043196,0,0.847851720252958
000027,preprocessed,8.502641119567619,7.841723912429565,1.0457361936569214,0.8427216094490433,0,2.167555310476451
000027,enhanced,12.634279935980445,12.390794083029537,1.414652943611145,0.8817178869266963,0,2.705827550355666
000027,postprocessed,12.569048383490113,12.321770834302955,1.4193271398544312,0.8817355676094205,0,1.0098792830928385
000028,noisy,8.182592909129546,7.466735811442494,1.4523212909698486,0.8544298005137723,0,0.8474347860643994
000028,preprocessed,8.254373230982564,7.551254409979973,1.4584060907363892,0.8544134443600935,0,1.379808699100891
000028,enhanced,16.66976036758352,16.575239929684024,2.7680537700653076,0.9530618035648772,0,1.7156950799975044
000028,postprocessed,16.669007996984075,16.57447100343324,2.7783572673797607,0.9532340135700301,0,1.0000927169982023
000029,noisy,9.943418517100515,9.479511033432695,1.2578520774841309,0.8746114621104434,0,0.8957505892213478
000029,preprocessed,9.923440586741837,9.457275167412218,1.2599692344665527,0.8747002841487822,0,1.2443607893168132
000029,enhanced,14.120256220534612,13.948739565459476,2.271368980407715,0.9375606178761358,0,1.4321159261349499
000029,postprocessed,14.060802993789546,13.886874223063923,2.281055450439453,0.9376997415682606,0,1.0142633235216978
000030,noisy,16.29140671278674,16.188179361414534,1.8969111442565918,0.9657743247924413,0,0.977130611902969
000030,preprocessed,17.603039239567153,17.526957767405925,1.9086806774139404,0.9657842633480953,0,1.1339814226081018
000030,enhanced,20.56235618489181,20.524032836156444,3.1007273197174072,0.9767823074667076,0,1.1804038371150227
000030,postprocessed,19.15689549903558,19.103838226087706,3.108351230621338,0.9767775322574682,0,1.0232119827649626
000031,noisy,8.165891270608943,7.447034521277024,1.2650184631347656,0.9374613394645809,0,0.8466410122573671
000031,preprocessed,9.533053572336495,9.02035548442796,1.270163655281067,0.9373647267587988,0,1.7147803475356849
000031,enhanced,14.58749169781277,14.433783192405109,2.46964955329895,0.9634793120459679,0,2.0398215118423866
000031,postprocessed,14.502194215303042,14.345381257803982,2.4799020290374756,0.9634733361328736,0,1.0098186659169337
000032,noisy,12.959729032509772,12.734287075471826,1.525054693222046,0.9039699464546332,0,0.9494592953081523
000032,preprocessed,13.182038041115403,12.968127526066462,1.5363565683364868,0.9040566237527283,0,1.3665548528746985
000032,enhanced,19.87149409606144,19.826528407697005,3.014427661895752,0.9578301891174648,0,1.4983812980510822
000032,postprocessed,19.870152988412155,19.825173340268538,3.030308723449707,0.9578435373338745,0,1.0001813508477917
000033,noisy,11.537047715939483,11.220974755026736,1.1713861227035522,0.815155285956097,0,0.927286323738199
000033,preprocessed,11.89248521251659,11.60210023783758,1.1750102043151855,0.8151882246229513,0,1.3821373827280605
000033,enhanced,16.183905679753327,16.078059471430052,2.4019103050231934,0.9261340127164058,0,1.5735382720921554
000033,postprocessed,16.024686416104434,15.914837304668797,2.4136524200439453,0.9262234487870883,0,1.0158495621702206
000034,noisy,7.447340477363791,6.585493385350857,1.5647255182266235,0.8214416148892507,0,0.8188794247644389
000034,preprocessed,8.303121809537613,7.6085138937145125,1.5743308067321777,0.8215102674254935,0,3.3997964542123564
000034,enhanced,13.862429885392395,13.68019941908021,2.934243679046631,0.8455607464094788,0,4.703153826784731
000034,postprocessed,13.889209214177555,13.70812263788629,2.940869092941284,0.8458729994730215,0,1.0350361398060415
000035,noisy,19.536127901913645,19.487532067099252,2.4104623794555664,0.9484444264588332,0,0.9894853026197731
000035,preprocessed,12.947611832293644,12.721523310682183,2.3771584033966064,0.9483625074696972,0,0.7088810764506901
000035,enhanced,11.905846894411244,11.616384357484481,2.738544225692749,0.9557758663694197,0,0.7685706720955879
000035,postprocessed,11.574899303070897,11.261670496750932,2.7779650688171387,0.9555940319144298,0,1.0164491083538312
000036,noisy,13.987474625770961,13.810523069721622,1.7023110389709473,0.9535577248701441,0,0.9641601431560611
000036,preprocessed,14.699102789627664,14.549362196142333,1.7090392112731934,0.9536361122390629,0,0.7288350108635206
000036,enhanced,8.816838063582797,8.205458482573896,2.1020755767822266,0.9540154886114215,0,0.821516304999076
000036,postprocessed,8.798919323634824,8.184824593961416,2.119791269302368,0.954075130705981,0,1.0049509904945377
000037,noisy,10.28368997644203,9.856522027745859,1.1969618797302246,0.9046428226760053,0,0.9097686157113906
000037,preprocessed,10.419660469421013,10.006306563514169,1.2002050876617432,0.9044593306799142,0,1.2310159416841386
000037,enhanced,15.42672483669747,15.300422424942601,2.3426876068115234,0.9515428586563187,0,1.4065999300410685
000037,postprocessed,14.938976419761229,14.797414799681686,2.3590612411499023,0.9513794246581787,0,1.0091722009125832
000038,noisy,11.15145640129047,10.804835744439966,1.6909241676330566,0.9083900139305088,0,0.9252553692579137
000038,preprocessed,11.197589129514734,10.854779397733619,1.6987860202789307,0.9083056175523602,0,0.2992704416736416
000038,enhanced,15.885640739810867,15.772170652534733,2.609354019165039,0.949601737219152,0,0.3362686600808268
000038,postprocessed,15.133832565004637,14.998579803117709,2.6438331604003906,0.9494945161259017,0,1.0095898908106509
000039,noisy,9.952871055186137,9.490027889928182,1.2814096212387085,0.8366039700515066,0,0.8982933523863172
000039,preprocessed,10.953170142195148,10.589660433934352,1.282913327217102,0.8367178444014021,0,0.9525348997943488
000039,enhanced,17.63975755431641,17.564322212346116,2.2324979305267334,0.9071858025859405,0,1.1060708490119315
000039,postprocessed,17.648168783420804,17.57288067249272,2.2443299293518066,0.9072184886178262,0,1.0001661452509025
000040,noisy,7.521237107353519,6.6754439967523975,1.1264305114746094,0.866460911174547,0,0.8164352856887204
000040,preprocessed,7.530529772453498,6.686732069174639,1.1269726753234863,0.8665392276951562,0,0.8155837340004453
000040,enhanced,12.471299326722223,12.218225864303061,1.6771528720855713,0.9374206276821192,0,1.3335282819220098
000040,postprocessed,12.516195451556547,12.26580121563596,1.6847524642944336,0.9374252111264905,0,1.003795347415509
000041,noisy,7.110162614195474,6.170663189045353,1.237423062324524,0.7752120985475224,0,0.807309094002872
000041,preprocessed,7.138087096180171,6.205304857861977,1.2401055097579956,0.7750405379681387,0,1.1913925510237422
000041,enhanced,13.69494758746547,13.505393664476165,1.7319984436035156,0.8734811777450295,0,1.5485061100425115
000041,postprocessed,13.626659751385732,13.43403414517606,1.7371833324432373,0.8736157803215086,0,1.0262667796290235
000042,noisy,13.479441552525284,13.280019536397882,1.5695042610168457,0.9248817797092564,0,0.9540207467468668
000042,preprocessed,16.408782807997227,16.3083400827659,1.6077330112457275,0.9248915254616639,0,0.7166428563377837
000042,enhanced,11.81934310864559,11.523854555266018,2.3541359901428223,0.9430014754383305,0,1.2142907085134007
000042,postprocessed,11.620794887599303,11.310979113864457,2.354145050048828,0.9429390501823705,0,1.0037600011848897
000043,noisy,7.962580456156839,7.206092997701177,1.2058008909225464,0.8589493878537147,0,0.8406258098409796
000043,preprocessed,8.776910069146208,8.159462664726888,1.230987548828125,0.8590879770096392,0,1.2106489739195079
000043,enhanced,9.595438943966663,9.090495179457504,1.902752161026001,0.8918635261614912,0,1.7610952434072207
000043,postprocessed,9.578571776859615,9.071543807189052,1.9126131534576416,0.8920274407026295,0,1.0023352876847234
000044,noisy,7.441392619503696,6.578238833172479,1.2294644117355347,0.6845847624731798,0,0.8210854294438509
000044,preprocessed,7.60216013734227,6.7735709456671565,1.2320014238357544,0.6845354889011732,0,1.6741532706700957
000044,enhanced,14.004494250840668,13.828249031310886,2.3055825233459473,0.8892634783499042,0,2.153571340175063
000044,postprocessed,13.883789270858397,13.702471772704124,2.3152291774749756,0.8891496551672394,0,1.0044953422878096
000045,noisy,7.6198344950655725,6.794951409159172,1.3430829048156738,0.7167846619884686,0,0.8271584036537355
000045,preprocessed,8.292623932420277,7.59619268247898,1.3661996126174927,0.7165443847275111,0,1.2821192138437274
000045,enhanced,13.844516256207893,13.66151648571568,2.8034963607788086,0.8080000542249268,0,1.5806591491343571
000045,postprocessed,13.704973976185737,13.515866820734672,2.8233790397644043,0.8078022994186129,0,1.009787109160209
000046,noisy,8.104362365893273,7.374336620453706,1.2171473503112793,0.9623406553489181,0,0.8427491344581632
000046,preprocessed,11.266844181831617,10.929673856154578,1.23332679271698,0.9624146466232337,0,1.699130067639157
000046,enhanced,15.649400791978023,15.529499040579163,2.249309778213501,0.9718968289264939,0,1.8942504770843487
000046,postprocessed,15.515948386070175,15.392251248542673,2.258547306060791,0.9718883175882914,0,1.0101146639926233
000047,noisy,18.546592732132904,18.485473567123528,2.012845754623413,0.9544849851933402,0,0.9854347304599181
000047,preprocessed,10.866919538961008,10.495797874031306,2.022876262664795,0.9544202093289754,0,1.3092773795242132
000047,enhanced,11.129930602319654,10.78151669026543,3.3274569511413574,0.9739591623493346,0,1.3677936443942793
000047,postprocessed,10.818454970119578,10.442983322498126,3.334099531173706,0.9738080617274761,0,1.010375667454613
000048,noisy,11.63092421749094,11.321856508233365,1.8214421272277832,0.9575973821675084,0,0.9330601724453329
000048,preprocessed,17.426994665440027,17.34773692166427,1.903925895690918,0.9575849913756436,0,1.0421738264833629
000048,enhanced,17.472565476648853,17.394142556587354,2.6634681224823,0.9684535946747163,0,1.1181464396097054
000048,postprocessed,17.393256066503216,17.313374483664983,2.6716644763946533,0.9684260188023999,0,1.0002823175002749
000049,noisy,14.088155459613255,13.915340692129725,1.580883502960205,0.9665875386396965,0,0.958316646385328
000049,preprocessed,14.220792425568618,14.053277348836186,1.5798559188842773,0.9665796627889631,0,0.39275479124828033
000049,enhanced,17.80975508439669,17.73723980547235,2.7342631816864014,0.9793473644058831,0,0.41943041979673673
000049,postprocessed,17.421916092353054,17.342564759180448,2.7207887172698975,0.9793432656410437,0,1.0106757582990038
000050,noisy,14.86940885587294,14.725523083730398,1.319654941558838,0.8973296503203627,0,0.9676417321049343
000050,preprocessed,15.141142627609891,15.006120905157303,1.3365631103515625,0.8973168174717596,0,1.5256779325062266
000050,enhanced,13.752922436795634,13.565936994549565,1.7405929565429688,0.843549491194078,0,2.7972752071274987
000050,postprocessed,13.734036652680272,13.546218435603329,1.7438387870788574,0.8435440377038022,0,1.0006353078117942
000051,noisy,11.750969605604242,11.450626286785855,1.2876574993133545,0.9568515645322289,0,0.9317437291581797
000051,preprocessed,12.218156246557342,11.94941363810469,1.3537386655807495,0.9568350544154961,0,2.6481629331909633
000051,enhanced,19.23561027251214,19.183511725985078,2.758277177810669,0.9790109542287969,0,2.917041577118221
000051,postprocessed,19.220279545661796,19.167995651263908,2.7040233612060547,0.9790000809981597,0,1.001976454242998
000052,noisy,7.0864171323792124,6.141163438180552,1.1758488416671753,0.7932548703485057,0,0.8028250627398785
000052,preprocessed,8.785040454273966,8.168833834341937,1.1943809986114502,0.7932221566640885,0,0.6461278475030751
000052,enhanced,14.12740516645586,13.956176248750914,1.7999553680419922,0.8819118513181762,0,0.7874345228636015
000052,postprocessed,14.09998826026872,13.92765315774054,1.8114705085754395,0.8819069215415714,0,1.0016653405001394
000053,noisy,15.26924870091803,15.138211432602573,1.4756460189819336,0.9582410504641315,0,0.9702412542914854
000053,preprocessed,15.070279111959273,14.93300070198707,1.4732762575149536,0.9582085686441433,0,2.3228232010489167
000053,enhanced,17.630622702056996,17.555027133662662,2.4339187145233154,0.9699654053341463,0,2.421887955257221
000053,postprocessed,16.715578581732093,16.622060853337246,2.4206631183624268,0.9697960969990695,0,1.0130307679615167
000054,noisy,17.394862991372126,17.315011233247816,2.267631769180298,0.9943478687216826,0,0.9822855152249056
000054,preprocessed,20.903924731235023,20.86851184867836,2.3253915309906006,0.9943284294721857,0,1.1806481220163103
000054,enhanced,23.00349961076835,22.981696218730853,3.4715640544891357,0.9946561181671634,0,1.2314839049323134
000054,postprocessed,22.756590172398194,22.733507882169256,3.4888875484466553,0.994648187456697,0,1.0031761878605727
000055,noisy,8.01154964857017,7.264317791039887,1.2992980480194092,0.7335687586374015,0,0.8405913960848507
000055,preprocessed,7.932378474147673,7.1701203539227745,1.299301266670227,0.7334733310254121,0,0.9443850168564581
000055,enhanced,15.030342054754378,14.891774983427531,2.082911729812622,0.8416448919724399,0,1.1895289056149672
000055,postprocessed,14.735579856934502,14.587113345543912,2.0855116844177246,0.8415663174966913,0,1.0282924217504203
000056,noisy,7.074374144661205,6.126187080446444,1.247674584388733,0.9313622010260005,0,0.8063880320178071
000056,preprocessed,8.437604170733898,7.765902891943821,1.2684446573257446,0.9314128689978467,0,0.2187172595303477
000056,enhanced,13.603926169351045,13.410266723161524,2.5821497440338135,0.9663480616682371,0,0.28661292866917654
000056,postprocessed,13.57586375588398,13.380920305561418,2.5976603031158447,0.966367792338192,0,1.0050461462825209
000057,noisy,9.5243194840204,9.01052574170513,1.6280797719955444,0.9525027044782289,0,0.8902248781246316
000057,preprocessed,12.064061339441444,11.785293933883638,1.6097779273986816,0.9525201566677123,0,0.5517211235130446
000057,enhanced,16.781070903655223,16.688967805925678,2.2567553520202637,0.9601664444524588,0,0.6448768533813672
000057,postprocessed,16.726998505654567,16.633729018449007,2.290860652923584,0.9601471407475567,0,1.00164395525832
000058,noisy,19.197072474374263,19.144506744451803,2.978332996368408,0.9115262044568373,0,0.9898641845431373
000058,preprocessed,14.670032905647197,14.519268989601201,2.963254928588867,0.9114815155506637,0,1.013425989989236
000058,enhanced,8.37401786781827,7.6915892319495835,2.370452880859375,0.8859012223321249,0,1.2694063293356521
000058,postprocessed,7.992706482183534,7.241927781914943,2.435131311416626,0.8846765995591703,0,0.9944406575738546
000059,noisy,13.755332667515823,13.56845323338453,1.6318209171295166,0.9873962939508348,0,0.9556118315288371
000059,preprocessed,15.58411050448319,15.462366881400216,1.6580921411514282,0.9874831659135691,0,1.3618864356482587
000059,enhanced,7.581005436148731,6.7479562846743075,1.8493043184280396,0.9227158839013334,0,2.4708328817612193
000059,postprocessed,7.601253950051269,6.772474249283711,1.8767900466918945,0.9227884841425515,0,1.0030683266707612
000060,noisy,5.621134671283388,4.229987602407252,1.076297402381897,0.7700529776670441,0,0.7236653667829658
000060,preprocessed,6.42543687000908,5.303022152319617,1.0780715942382812,0.7699691120974268,0,0.7046428792296372
000060,enhanced,12.95940825896153,12.733949210165623,1.6085467338562012,0.8614429416283337,0,0.9580503924978767
000060,postprocessed,12.74392807628108,12.5066815681094,1.6222999095916748,0.8613569778991843,0,1.0332539155720133
000061,noisy,6.259811604757362,5.087320456088986,1.1855603456497192,0.8489056031128638,0,0.7710770036315259
000061,preprocessed,8.085686052053086,7.35223292068312,1.191860556602478,0.8488915641519802,0,1.0152726845039255
000061,enhanced,12.956171753747691,12.730540180025166,2.208282232284546,0.9387891399155877,0,1.2536014715921149
000061,postprocessed,12.780061461483815,12.544834872885456,2.2252390384674072,0.9387747277521992,0,1.0069563630482132
000062,noisy,16.100591601881437,15.99266957880278,1.8021939992904663,0.9719921962185322,0,0.9739383078022479
000062,preprocessed,16.06857084115365,15.959840081386327,1.802656888961792,0.9719894351375722,0,1.9837367505316348
000062,enhanced,18.119395594655384,18.051909438871977,2.8880538940429688,0.9882858411347888,0,2.1506655073082688
000062,postprocessed,17.98655172406597,17.916952491145388,2.8940961360931396,0.988254693478829,0,1.0027902386868761
000063,noisy,11.448339998441783,11.12549615366153,1.414923071861267,0.8089936856393292,0,0.9267343636850154
000063,preprocessed,9.673229150692341,9.177780864417056,1.417720079421997,0.8088737534852464,0,0.40928359830711347
000063,enhanced,10.751096258683466,10.369490178274038,2.0151453018188477,0.8783203401579648,0,0.45870377787954053
000063,postprocessed,10.377811662185401,9.960256718533588,2.017718553543091,0.8780551274856395,0,1.045376832245617
000064,noisy,14.379109248304216,14.217703620346335,1.6155986785888672,0.8212176248395692,0,0.9656829760045843
000064,preprocessed,14.084586305808212,13.911626588761427,1.6272143125534058,0.8211811678640415,0,0.6580483699434598
000064,enhanced,12.710179456363397,12.471030242941074,2.276974678039551,0.9053799934798502,0,0.8673936097914081
000064,postprocessed,12.69315808866434,12.45304328903378,2.2940316200256348,0.9053234636074176,0,0.9999765458800536
000065,noisy,7.004399702641265,6.0389667264139435,1.2048933506011963,0.8737772527475074,0,0.8023372912873916
000065,preprocessed,10.443872846821154,10.032929269214307,1.2266082763671875,0.8738332494786525,0,1.7574013590979831
000065,enhanced,15.040266439466743,14.90202074447891,2.120192289352417,0.9309052842253644,0,2.039225986872489
000065,postprocessed,14.038156119409813,13.863299451025794,2.098560333251953,0.9308752667369306,0,1.0237098791077477
000066,noisy,7.482349297068097,6.628149299512064,1.2131707668304443,0.934332727683579,0,0.816174304546314
000066,preprocessed,11.839948735521835,11.545907280814307,1.2226768732070923,0.9344653500014062,0,1.5102459687624583
000066,enhanced,17.683858236046998,17.6091916199116,2.0598294734954834,0.9610271098018933,0,1.6812329740452383
000066,postprocessed,17.685860758339345,17.61122886033491,2.081033706665039,0.9610246871958046,0,1.0000859571297982
000067,noisy,5.984516365266725,4.7230342183034635,1.1355609893798828,0.8122880710624959,0,0.7470439157447359
000067,preprocessed,6.098511369876488,4.874786951606602,1.138966679573059,0.8122592621379918,0,1.5864557391640057
000067,enhanced,9.848289039516251,9.373525505370505,1.4236547946929932,0.8607183818651124,0,2.3093672999229837
000067,postprocessed,9.87596301441607,9.404384973920795,1.4336377382278442,0.8608341072536392,0,1.0073974506416856
000068,noisy,4.443584472669995,2.5090976295483696,1.2745401859283447,0.86321770190017,0,0.6358049221737389
000068,preprocessed,4.981145734115972,3.3215129573151603,1.3334718942642212,0.863203189760481,0,0.5474849233109927
000068,enhanced,11.119255087801026,10.76994824931852,2.0143589973449707,0.9192227017044253,0,0.8968103830554396
000068,postprocessed,11.115069239070174,10.76541163615303,2.0232748985290527,0.9191415460002769,0,1.0017745376793352
000069,noisy,14.660589571649489,14.5094917010254,1.56148362159729,0.9578421393166819,0,0.9662824025700477
000069,preprocessed,13.90555145545932,13.725159340029885,1.5438709259033203,0.9578142766221407,0,1.0676866798189892
000069,enhanced,13.220351891216728,13.00836682722107,1.7654591798782349,0.917898526983977,0,1.139457073028717
000069,postprocessed,12.853860003850833,12.622704180334004,1.7934633493423462,0.9178248207846795,0,1.0045285937192348
000070,noisy,12.252697215344712,11.986150228321934,1.2721598148345947,0.9275382816191754,0,0.9418993355007446
000070,preprocessed,12.632653750282332,12.389074102970085,1.2738561630249023,0.927469569608912,0,0.8838038676383697
000070,enhanced,16.14574171773222,16.0389496983384,1.6121292114257812,0.9495928814651892,0,0.982374137851368
000070,postprocessed,15.820077530492275,15.704858350323772,1.6088999509811401,0.9496419331114557,0,1.0255796520298597
000071,noisy,16.937824789837975,16.849020389449937,1.9293358325958252,0.9669116143974433,0,0.9805525100817208
000071,preprocessed,18.929035325207632,18.873101506802538,1.9473447799682617,0.9669275621644625,0,0.6298697816339756
000071,enhanced,22.23594260299216,22.209911597057154,3.462839365005493,0.9846877323566645,0,0.656430121930134
000071,postprocessed,21.85602588438758,21.82760733698929,3.4814200401306152,0.9846986669005504,0,1.002032241845463
000072,noisy,8.822439025139108,8.211905490999056,1.2434911727905273,0.845153702325286,0,0.8684320680429113
000072,preprocessed,9.427472583554957,8.901361975907014,1.249853491783142,0.8454613414008969,0,1.8226392313016908
000072,enhanced,12.686093850721033,12.445577135969579,2.054985284805298,0.9001056060048545,0,2.4727146584280018
000072,postprocessed,12.717443389773845,12.478705028101782,2.0844428539276123,0.9003237649217912,0,1.0009830470262429
000073,noisy,5.4325284676747305,3.96798303123681,1.0776489973068237,0.8515551057792682,0,0.6998569436451797
000073,preprocessed,6.099452230564687,4.876033997552392,1.0792959928512573,0.8515864092419079,0,1.2401200167231707
000073,enhanced,9.015013845342816,8.432820192414876,1.7107620239257812,0.9172954864290034,0,2.527003656184497
000073,postprocessed,9.017105981815538,8.435212375264102,1.7249011993408203,0.9173025148056269,0,1.0007633811083123
000074,noisy,16.64585877235181,16.55081095295213,1.8864567279815674,0.9398367689885819,0,0.9778196979841429
000074,preprocessed,16.595042672288784,16.498863703214198,1.8865885734558105,0.9398396154486522,0,3.746762081269622
000074,enhanced,12.60902221685884,12.364075360371311,2.5171475410461426,0.9494968754655168,0,7.017855723685483
000074,postprocessed,12.573277440004327,12.3262475432432,2.5267133712768555,0.9494522812072274,0,1.4404639850615468
000075,noisy,9.513205645449249,8.998014128330787,1.0794792175292969,0.910857637133443,0,0.8916364393107236
000075,preprocessed,10.071319812101118,9.621597513819118,1.0821846723556519,0.9108884550672747,0,1.9772285551695055
000075,enhanced,15.220965686974719,15.088440894629581,1.5340063571929932,0.9207621641949072,0,2.352205563844605
000075,postprocessed,15.049807612343525,14.911870170351824,1.543406367301941,0.9208203112646454,0,1.0154827041507988
000076,noisy,4.670664963105921,2.858591936942662,1.6825730800628662,0.9537407567293502,0,0.6534015298551978
000076,preprocessed,9.917595328422921,9.450767079899038,1.6878087520599365,0.9540172397738238,0,3.3205780316495597
000076,enhanced,12.109956365520524,11.83421442553335,2.5324928760528564,0.9323376502011279,0,4.948140840490753
000076,postprocessed,12.1088605123964,11.833046728609375,2.549736261367798,0.9322933286921562,0,1.0006123927818533
000077,noisy,9.354451241149915,8.81884673889817,1.2010895013809204,0.8577469575332007,0,0.8828964609963023
000077,preprocessed,10.40380195113894,9.988861310046131,1.2120704650878906,0.8578556326615255,0,2.176540505970856
000077,enhanced,15.315273452653642,15.185638355386114,2.2392303943634033,0.951158726262185,0,2.892764594778419
000077,postprocessed,15.31485674796173,15.185209024105902,2.2467997074127197,0.9515997775230749,0,1.0000542580092309
000078,noisy,8.664196053333594,8.029268172008736,1.2701590061187744,0.8388189175607326,0,0.85064897514616
000078,preprocessed,9.476239389356328,8.956369577572922,1.2743885517120361,0.8387484801896211,0,0.5715809773960643
000078,enhanced,10.345793372090391,9.92499401215774,1.931061029434204,0.8992353543774652,0,1.0133128113281806
000078,postprocessed,10.057353842486688,9.60610508167543,1.9250133037567139,0.8991556299783933,0,1.0176623842267893
000079,noisy,6.784097651241946,5.762039216738248,1.0408399105072021,0.8842662141229635,0,0.7881281364404448
000079,preprocessed,7.914881546654122,7.149258363896486,1.0418872833251953,0.8843702675944596,0,0.37307768757066134
000079,enhanced,11.561545105713993,11.247315911010638,1.3370435237884521,0.8497903631221718,0,0.4732199910768197
000079,postprocessed,11.55385085233021,11.239043763132448,1.3371318578720093,0.8497857197947571,0,1.0019893730940475
000080,noisy,10.379192450880904,9.961776831104762,1.9689388275146484,0.9303402376086509,0,0.9034087083859325
000080,preprocessed,10.795982852205977,10.418476171328097,1.9852471351623535,0.9305749023444879,0,1.1756156327438996
000080,enhanced,17.560988890918445,17.484160599722234,2.5611793994903564,0.9735913256946618,0,1.3208927088290685
000080,postprocessed,17.527217656783566,17.449784232662175,2.6036036014556885,0.9736454936009813,0,1.0062411391212303
000081,noisy,13.731410273233484,13.543475945318669,1.3199189901351929,0.9654993363987218,0,0.955516067138108
000081,preprocessed,14.046636182293135,13.872127552812415,1.3226265907287598,0.9655434620049622,0,1.8762387466513153
000081,enhanced,12.049487650279788,11.769752373917166,1.6556469202041626,0.9298008400341574,0,2.0744617127056126
000081,postprocessed,11.819931828377424,11.524484721857323,1.662933588027954,0.929864338388753,0,1.038582202611799
000082,noisy,11.848528449117936,11.55508737014135,1.3269596099853516,0.9129098574155403,0,0.9349214194773223
000082,preprocessed,14.152690994954684,13.982475860694816,1.3336598873138428,0.912909619635611,0,1.254341116413518
000082,enhanced,18.414088560548297,18.35106209290139,2.654794931411743,0.941270834844288,0,1.3599873944242862
000082,postprocessed,18.296008131016364,18.231231507945843,2.6594057083129883,0.9412635513722531,0,1.0060638546403324
000083,noisy,3.9761508948114117,1.7554959194243356,1.1962507963180542,0.7638471399493325,0,0.595041852522465
000083,preprocessed,4.03837864398017,1.8587698634035308,1.197878122329712,0.7640251804294755,0,0.8299362625959192
000083,enhanced,12.519109097981891,12.268887725205985,1.8811395168304443,0.9008310138632651,0,1.447991708975725
000083,postprocessed,12.519509354878009,12.269311719267304,1.8982899188995361,0.9008504123352197,0,1.0000014620819144
000084,noisy,11.329633809505372,10.997493082343397,2.1438984870910645,0.940613046260861,0,0.9262481847966118
000084,preprocessed,11.369043770198823,11.040020007336008,2.1429288387298584,0.9405948811982171,0,0.8602846568792527
000084,enhanced,18.92611229775842,18.870140576596285,3.101959466934204,0.9732711303520037,0,0.9530336381665254
000084,postprocessed,18.800520813921494,18.74289589998738,3.1164562702178955,0.9732131478893109,0,1.001987387628391
000085,noisy,7.159261350416756,6.231536967831172,1.2625906467437744,0.8763844625150415,0,0.8076916139343245
000085,preprocessed,7.147240317495252,6.216648241905835,1.2629656791687012,0.8763821190020079,0,1.1358192254780364
000085,enhanced,17.336658309114483,17.255719062530236,2.9715356826782227,0.9762160761292686,0,1.473864111136861
000085,postprocessed,17.300523841622613,17.21890195483788,2.9653005599975586,0.9762158863953287,0,1.0031183536058346
000086,noisy,3.177637754673259,0.32846641734907706,1.4111301898956299,0.8959004194335816,0,0.5152128090038983
000086,preprocessed,3.248676813623408,0.4643476113173686,1.405261754989624,0.8959093112092728,0,0.08664457123176603
000086,enhanced,9.14127871552588,8.576901114213456,1.7380646467208862,0.9024518314907977,0,0.18213973852680057
000086,postprocessed,8.362336706458336,7.677917347646353,1.7997093200683594,0.9024031697274054,0,1.011057490603946
000087,noisy,8.346156553599485,7.658969370424304,1.6214089393615723,0.9328390470906084,0,0.8528870853530037
000087,preprocessed,8.372066540810511,7.6893057923760235,1.6218597888946533,0.9328383011080302,0,1.251519901634383
000087,enhanced,14.926564702512767,14.784591239404591,2.241126537322998,0.9083067032982765,0,1.618280089432454
000087,postprocessed,14.85946517131106,14.715244040854977,2.2263753414154053,0.9083159690055779,0,1.0046215650800239
000088,noisy,18.02378649787054,17.954786177089716,2.5369529724121094,0.9578341460893445,0,0.985566858648337
000088,preprocessed,18.125463879788608,18.058072689734562,2.538301944732666,0.9578316101658075,0,1.7445765968917235
000088,enhanced,16.533472686164274,16.435904934514124,2.876518487930298,0.9736396809758091,0,1.8994511625522994
000088,postprocessed,16.450089569128203,16.35060862301615,2.86814284324646,0.9736742233460924,0,1.0021121681513079
000089,noisy,8.08779634486152,7.354731358949999,1.207070231437683,0.9378400264162224,0,0.8419694793028867
000089,preprocessed,9.25737163276114,8.70886232556349,1.2179241180419922,0.93808349363768,0,1.8446672016245
000089,enhanced,14.25400357324625,14.087789359644567,1.6976442337036133,0.9540259872968246,0,3.059397573202984
000089,postprocessed,14.286859483748767,14.121922088064807,1.7064800262451172,0.9542534715952262,0,1.0011920837456691
000090,noisy,8.276075111474336,7.5767590348529446,1.195021152496338,0.8217602866966994,0,0.8519558319415809
000090,preprocessed,9.655918743166445,9.158373932904265,1.2589261531829834,0.8218850875289749,0,1.6842364474727054
000090,enhanced,15.02951392732829,14.89092000488051,2.5618815422058105,0.8704831337662452,0,1.9887784475239652
000090,postprocessed,14.725884095937456,14.577080007955319,2.584571599960327,0.8704845041907562,0,1.0301584073520358
000091,noisy,9.568018996994248,9.059682431071979,1.2449049949645996,0.8331268290690783,0,0.8884738806397159
000091,preprocessed,12.055184441233633,11.77582791370087,1.3757261037826538,0.8332517542924724,0,1.8056099131612167
000091,enhanced,13.989342071217726,13.812468157463758,2.148954391479492,0.845515456597211,0,2.1220252077431114
000091,postprocessed,13.955046862372033,13.776741505499157,2.1354997158050537,0.8454385242620158,0,1.0116285957283653
000092,noisy,8.947354029249533,8.355367151022289,1.5513230562210083,0.915936351747815,0,0.8708359204275897
000092,preprocessed,8.966983932129498,8.377856338193595,1.5531091690063477,0.9159350965273467,0,1.7576908678449963
000092,enhanced,18.029046914929356,17.96013078683326,3.030442953109741,0.9806890695589273,0,2.098757891286037
000092,postprocessed,17.66366342349727,17.588645774037005,3.0322959423065186,0.9806610498666082,0,1.013944467071506
000093,noisy,16.999317898554217,16.911774716629793,2.0806264877319336,0.9259988748768164,0,0.9799142899939485
000093,preprocessed,17.183238713429137,17.09936080635375,2.092043399810791,0.9261032614161826,0,1.139837045381622
000093,enhanced,21.324097290825836,21.291962139525502,3.1912810802459717,0.9677126510567529,0,1.2233940851560217
000093,postprocessed,21.316661689525116,21.28447126758688,3.2012500762939453,0.9677600675977583,0,1.0000281742614623
000094,noisy,6.593559518875033,5.5195090600235455,1.1947258710861206,0.8707702406451652,0,0.7800825218113833
000094,preprocessed,9.31620309283202,8.775553234815224,1.1948918104171753,0.8708701185163334,0,1.5827221123352482
000094,enhanced,16.009548416510853,15.899310831661255,1.9641505479812622,0.931566366242117,0,1.8810788659241369
000094,postprocessed,16.004712181265205,15.894350195267366,1.9723842144012451,0.9315631540201427,0,1.0011897067447366
000095,noisy,5.6849621674246436,4.317672775389089,1.2372713088989258,0.7375450874240999,0,0.7289302139560347
000095,preprocessed,5.707463350783017,4.348470529346631,1.2379180192947388,0.7375434116531459,0,0.602550464192155
000095,enhanced,12.110704777071453,11.835011891619555,1.8595993518829346,0.8821912072029257,0,1.0726276265312884
000095,postprocessed,12.092600682074552,11.81571863576223,1.8629231452941895,0.8821864113926805,0,1.001230473837852
000096,noisy,5.747793213719866,4.403524478376173,1.1092841625213623,0.8656180529876313,0,0.7324248094907682
000096,preprocessed,6.4923895465471935,5.389524728542728,1.114331603050232,0.8656900833166703,0,1.012487594665326
000096,enhanced,11.104266004496257,10.753701420422077,1.748605728149414,0.9312458314562053,0,1.5171236166759623
000096,postprocessed,11.1147596247041,10.76507606226338,1.7693179845809937,0.9313255365721852,0,1.003036002210872
000097,noisy,6.341736364997077,5.194325861203668,1.1353901624679565,0.8094527850388978,0,0.7663533332090101
000097,preprocessed,6.441389105477193,5.323667784639936,1.1436785459518433,0.8094945975535363,0,0.7545844029297343
000097,enhanced,11.737037977336495,11.435695381315254,1.969970464706421,0.9059795404012969,0,1.0745904573824736
000097,postprocessed,11.733779572905236,11.432202764372798,1.9901736974716187,0.9060505580376097,0,1.002457024985094
000098,noisy,9.081531678387382,8.508797377171096,1.1312999725341797,0.8186466009999342,0,0.870789457222272
000098,preprocessed,6.218796767531653,5.033514731046946,1.1321438550949097,0.8185764535496415,0,1.4771542096196133
000098,enhanced,7.539999069994279,6.698229375224484,1.6061322689056396,0.8699948749704346,0,1.8010375409797432
000098,postprocessed,7.415210819495925,6.546279077152114,1.610159158706665,0.8701834671412597,0,1.016962940781398
000099,noisy,7.1021157630832645,6.160670712076465,1.158628225326538,0.8554290893323003,0,0.805052497359186
000099,preprocessed,6.982889854075496,6.012085506757422,1.158311367034912,0.855006715799275,0,1.2480903706660709
000099,enhanced,12.654269153005837,12.411933199332605,2.0083608627319336,0.9304906392258762,0,1.6574902034070382
000099,postprocessed,11.767656358197694,11.468505421642593,2.0089502334594727,0.9301067921279524,0,1.0328712396870638
000100,noisy,17.8994432284923,17.82842232474904,1.5857411623001099,0.9436266117412322,0,0.9823111044109644
000100,preprocessed,18.507756165292804,18.446084077614287,1.595865249633789,0.9436553101260665,0,2.8964254791339226
000100,enhanced,18.741091298250502,18.682667051889766,2.40999698638916,0.972429805519555,0,3.0538462464630367
000100,postprocessed,18.66063408754085,18.601109867392783,2.4496614933013916,0.9724418892793327,0,1.004356768990643
