file,snr_enhanced,si_sdr_enhanced,pesq_enhanced,stoi_enhanced,snr_noisy,si_sdr_noisy,pesq_noisy,stoi_noisy
000001,19.68963400784473,19.673554316009948,2.883941888809204,0.9562505277995171,17.863025972045875,17.84684450685743,2.159186363220215,0.9332723839202027
000002,12.725523618726806,12.536014854797912,2.0945444107055664,0.9193474496350799,5.457814616691947,5.467484187449286,1.212299108505249,0.8105047113916374
000003,14.032301355605806,13.875419968657425,1.7247447967529297,0.9049404248138461,11.145212977005336,11.170625358613353,1.1608376502990723,0.8912073729350446
000004,14.761186899182032,14.630260738376627,2.1209590435028076,0.987374073306402,12.977061325025474,12.977006932183777,1.4790207147598267,0.9937290889742665
000005,13.830288234767902,13.646741946259464,2.2868359088897705,0.9503174101328226,9.304020133262727,9.317678769633686,1.3114802837371826,0.8701146268249719
000006,12.987299268906154,12.911288477542955,2.4536993503570557,0.9622089952948472,7.061537410318802,7.059390682269267,1.3880174160003662,0.9574773200222174
000007,13.31893292412728,13.365507726678786,2.7911906242370605,0.9462468609855511,15.364680608416188,15.346607054010393,1.6877963542938232,0.8964870001992442
000008,13.575453025311546,13.42214642691361,2.286633253097534,0.9220297246530167,12.127233808441527,12.135929123446589,1.4706401824951172,0.8829399939337417
000009,15.692703563739991,15.588178246377497,2.25888729095459,0.9774963955497077,10.728959854770377,10.736418739717418,1.4360685348510742,0.9712188741659002
000010,14.383137582544325,14.236486721680006,2.2403252124786377,0.9539029226421949,4.969172581216038,4.971688616455789,1.231682538986206,0.906233865926853
000011,12.07846220190845,11.801084368306466,2.194408893585205,0.917436103557553,13.22737058613397,13.228670948568187,1.6345851421356201,0.9458543054390842
000012,17.897101868900606,17.83131268630636,2.4466559886932373,0.9457612269391767,15.690538455234023,15.70184491896179,1.8742244243621826,0.9398335060421271
000013,12.449836333536188,12.223966304768542,1.924867868423462,0.9143465934131267,12.901138987503217,12.848484998806555,1.5919666290283203,0.9571092666369251
000014,15.677891397374049,15.567681970186973,2.5713565349578857,0.943112492618438,10.969220994615531,10.998333150891153,2.0289602279663086,0.8338234977677617
000015,13.065262804981344,13.043661589194315,2.340780019760132,0.8888385561187746,9.574418641177497,9.581214385002735,1.315653681755066,0.8145665051381522
000016,17.15562491271777,17.28785462291339,2.169389247894287,0.9638910077751371,14.58048302939638,14.571796950568459,1.1638903617858887,0.9367637758799416
000017,13.106436983009633,12.8888231153042,2.007774829864502,0.92161139533656,2.982356326699253,2.969024671744469,1.2486854791641235,0.8305322911836949
000018,14.961096080736445,14.830515884807818,2.057155132293701,0.9348443663490724,7.846415559805622,7.860252234649078,1.1718670129776,0.8858986357896786
000019,16.018044111383155,16.065731494873127,2.409520149230957,0.9707049417870319,15.70488273118033,15.703152896936182,1.5424659252166748,0.978837210672226
000020,11.528859922097608,11.275523293077631,1.9673538208007812,0.885194240448375,12.423889052283412,12.416245930576359,1.744406819343567,0.9363309997171267
000021,13.72758480841397,13.561608088556504,2.3395345211029053,0.9232646577870983,8.581225381853997,8.572081726981398,1.1416822671890259,0.8051140107759317
000022,12.231495275264223,12.38619243698426,2.673727512359619,0.9498754061826319,10.760060176536335,10.727010820795558,1.289941668510437,0.9097921685393852
000023,16.157767335591224,16.05269945835033,2.31703519821167,0.9180640702591514,8.429942118778147,8.442768854252664,1.16621994972229,0.8114458676108746
000024,12.13299336810671,11.91471169215857,1.705582618713379,0.9204497367559036,3.8052846303210823,3.741884427078508,1.0889270305633545,0.8468734872493245
000025,14.091260723362431,13.93606403878658,2.2446208000183105,0.9034912781587249,9.674546069918451,9.654185097860497,1.562077283859253,0.8856462948829502
000026,11.980216973545591,11.695854626692014,2.544013023376465,0.9358066378548184,7.441816926891514,7.434201091692719,1.428720474243164,0.8507486642670651
000027,10.936540380986388,11.721214349524615,1.385401725769043,0.8768137334924739,7.412924912640447,7.3921026162053804,1.0454566478729248,0.8426163000362729
000028,16.28145080619121,16.18338728869315,2.848206043243408,0.953168826492212,7.460563574128222,7.466735815152337,1.452322006225586,0.8544298005618234
000029,13.185210438223935,12.972738291686408,2.1957528591156006,0.9353863275740716,9.450656323858183,9.479511040566685,1.2578526735305786,0.8746114623990352
000030,17.800732968340935,17.947179817693005,3.007465124130249,0.9729488954724119,16.19361382935543,16.188179366664603,1.896873950958252,0.9657743253583331
000031,14.055016321626383,13.892775833900764,2.4067814350128174,0.9594820028247841,7.438712053689081,7.447034520423504,1.2650171518325806,0.9374613392614916
000032,16.601009862625542,16.825360391385313,2.9123640060424805,0.9565246251994117,12.734697818331922,12.7342870747486,1.5250523090362549,0.9039699467562421
000033,15.46779076023136,15.358278746964524,2.3195860385894775,0.9196397831867831,11.196975069726369,11.22097475674122,1.1713848114013672,0.8151552851334826
000034,13.972737777992386,13.79520206106469,3.0097670555114746,0.8509134511832124,6.573549621960138,6.585493382971502,1.5647261142730713,0.821441615156462
000035,11.443813939310314,11.121648408151621,2.7050058841705322,0.9538740713459941,19.49276259944614,19.48753205931495,2.410447359085083,0.948444426904951
000036,8.229553484417993,7.668748098615622,1.9417245388031006,0.9516735120241199,13.84551864948187,13.810523065006553,1.7023072242736816,0.9535577249689078
000037,14.357208653983339,14.21984533149062,2.330533027648926,0.9495928949294281,9.888869833821222,9.856522028745779,1.1969618797302246,0.904642822606221
000038,14.498378176450595,14.384841276233345,2.5419864654541016,0.948448984036566,10.823072382460897,10.804835733458606,1.6909232139587402,0.9083900144299406
000039,16.947726328461584,16.860314393568157,2.1447372436523438,0.8935269378432332,9.484059825179138,9.490027887761554,1.2814136743545532,0.8366039683786503
000040,12.825665373709958,12.628743378384472,1.6932411193847656,0.9373508382816537,6.60416517463307,6.675443998972844,1.126429796218872,0.866460911169798
000041,13.268951451843947,13.060046177290145,1.688046932220459,0.8732266488957099,6.190365319566831,6.170663195027988,1.237432837486267,0.7752120979111375
000042,11.648074021069558,11.342238433297169,2.2722671031951904,0.9424376742948071,13.269897594945162,13.280019532597493,1.569506287574768,0.9248817803596937
000043,9.731473202926292,9.253003913577585,1.8115642070770264,0.8932291463367008,7.211114657702052,7.206092996802984,1.2057995796203613,0.8589493877418999
000044,13.572338367352177,13.418409066336213,2.2638237476348877,0.8847719910602603,6.592261375990885,6.578238831615444,1.229465126991272,0.6845847630488796
000045,13.143174885807102,12.931903962433216,2.7217907905578613,0.8061274444071244,6.79649065591407,6.794951410339327,1.3430819511413574,0.7167846621388823
000046,14.376973097590842,14.264776151317244,2.1617701053619385,0.9678210395980652,7.348142761274742,7.374336623385397,1.217145562171936,0.9623406550789214
000047,10.632031615330522,10.250730191389684,3.2240211963653564,0.9698432666205103,18.480159246049908,18.485473574804693,2.0128557682037354,0.9544849854028828
000048,15.957768614910437,15.876098603593698,2.826754093170166,0.965266601530747,11.337976495356623,11.321856505199895,1.8214442729949951,0.9575973833639828
000049,16.34012337811129,16.275992718924048,2.5713260173797607,0.9760790305911652,13.890323489579735,13.915340694417795,1.5808641910552979,0.9665875386320912
000050,13.880136936950954,13.699443987227696,1.6796820163726807,0.8437045585013712,14.727579154533563,14.7255230833937,1.3196451663970947,0.8973296495125863
000051,18.092272937650396,18.10145703910344,2.6241326332092285,0.9766452575842343,11.437098715343211,11.450626288105008,1.287658452987671,0.9568515644309706
000052,13.30123957639829,13.261251075430938,1.7528351545333862,0.8803149248733857,6.124020384303658,6.141163440887112,1.1758465766906738,0.7932548704352189
000053,15.705241387069107,15.58776065587493,2.3816347122192383,0.9634695205803581,15.13788050533919,15.138211434279036,1.4756474494934082,0.958241050081749
000054,20.20441851086703,20.23071181135663,3.4225096702575684,0.9925481012378896,17.31940785281465,17.31501122587887,2.267634868621826,0.9943478687176818
000055,14.14040237315859,14.004563831452192,1.926051139831543,0.8400208014476144,7.25042170009636,7.2643177902210345,1.299298644065857,0.7335687581005185
000056,13.230410837218825,13.026025816328934,2.5718443393707275,0.9641677093568823,6.153266871473426,6.126187076664746,1.247679352760315,0.9313622005765999
000057,15.65534290991697,15.606705070669381,2.304227590560913,0.9559958038085409,9.027965784693265,9.010525738580412,1.628092646598816,0.9525027041953513
000058,7.853556763430766,7.1042370769523036,2.2626378536224365,0.8820276397661606,19.15983860685477,19.14450674345566,2.9783260822296143,0.9115262053134892
000059,7.573379000413409,6.798177102986632,1.8540983200073242,0.9199194268896556,13.547287673799142,13.56845323828665,1.631824016571045,0.9873962938379588
000060,12.395375407533935,12.154069377195707,1.5968444347381592,0.8567904373623931,4.202927124073959,4.229987601743349,1.0762979984283447,0.7700529776079307
000061,12.519464019851982,12.277608270865144,2.170746088027954,0.9376022047522612,5.172840089951624,5.087320455451053,1.1855593919754028,0.8489056029538627
000062,16.783903701870997,16.74188966219303,2.7885899543762207,0.9850721111259284,15.97872462912983,15.992669571927781,1.8021756410598755,0.971992195976264
000063,9.995121759647178,9.543720413414476,1.9648566246032715,0.8735885539997731,11.110116988553997,11.125496151944835,1.4149197340011597,0.8089936873975317
000064,12.432067864979949,12.177469335523849,2.151111125946045,0.9004545931810476,14.23662686930313,14.217703621538325,1.6155979633331299,0.8212176244937958
000065,13.174672790103244,13.038673968709828,2.053727626800537,0.9280537810112566,6.056897116599895,6.038966725904772,1.2048938274383545,0.8737772526166551
000066,15.469284191142386,15.946498754344184,2.0392136573791504,0.9584468416945017,6.571384261437402,6.628149298647113,1.2131589651107788,0.9343327275272578
000067,9.49156406913391,9.09345844236443,1.4188414812088013,0.8547945036292766,4.712903725669257,4.7230342176394755,1.1355633735656738,0.8122880711085642
000068,10.820436399195634,10.711317884871283,1.9783623218536377,0.9182511961604082,2.444124808313059,2.509097628392754,1.2745412588119507,0.8632177017067689
000069,12.582274502193085,12.385992310922468,1.7089240550994873,0.9142689941755612,14.513739100188804,14.509491709623463,1.5614821910858154,0.9578421390722117
000070,14.913067187721733,14.853911236826047,1.5683488845825195,0.9449306525927923,11.999175711380163,11.986150234868969,1.2721611261367798,0.9275382821217841
000071,19.50092140019275,19.474823404308022,3.386502265930176,0.9818329509731772,16.855908632721118,16.84902037603082,1.9293402433395386,0.9669116149025239
000072,12.51914681937097,12.27863319563225,2.091465711593628,0.8941206236149181,8.207682824485868,8.211905492066826,1.2434791326522827,0.8451537022811753
000073,7.673539167148288,8.222586087866748,1.6843132972717285,0.9170082084271828,3.7931591372322693,3.967983036435991,1.0776492357254028,0.8515551063208009
000074,14.809997333357412,14.674289376097569,2.2418487071990967,0.9271032803337872,16.546024072615,16.550810938271024,1.8864805698394775,0.9398367716418851
000075,14.189723114124265,14.021070894314004,1.5261592864990234,0.9186531385796181,9.03161859594239,8.99801412775164,1.0794790983200073,0.9108576370719764
000076,11.922009261429732,11.648671426342078,2.533764362335205,0.9332043924378609,2.7857654051957454,2.8585919392256325,1.682570457458496,0.9537407564979251
000077,14.717708969100507,14.605019282352247,2.2327558994293213,0.9495446340639313,8.808202094108065,8.81884674643761,1.2010927200317383,0.8577469574739746
000078,10.0729005704424,9.638586648230245,1.8852343559265137,0.8985994359549389,7.887561805594579,8.029268173535945,1.2701599597930908,0.8388189178565808
000079,11.06878567219664,10.81340192284439,1.324272871017456,0.8492621611613479,5.737968663010181,5.762039211461667,1.0408399105072021,0.8842662145097628
000080,15.980409294980088,15.870990510427475,2.5111968517303467,0.9695503154987696,9.913014199925907,9.961776823861392,1.9689435958862305,0.9303402387694722
000081,11.531161222780511,11.215029555152496,1.61269211769104,0.9270606370811109,13.52361713885092,13.543475940487149,1.3199187517166138,0.9654993365756516
000082,17.32295763442686,17.246127824467866,2.601808786392212,0.9385566821334946,11.557467049387611,11.555087378777682,1.3269579410552979,0.9129098565039919
000083,11.068135544061729,11.748357166280117,1.883570671081543,0.9007707069078271,1.6873634975185148,1.7554959243322736,1.1962597370147705,0.7638471404680258
000084,17.780814978620786,17.712508165066833,3.0262744426727295,0.9707033119001144,10.996320939328614,10.997493079807548,2.143902063369751,0.9406130442686959
000085,16.291855260329694,16.189929954874746,2.8845362663269043,0.9739142313811117,6.231897176630431,6.2315369690486575,1.2625902891159058,0.8763844624242402
000086,8.242602170400401,7.552802399145295,1.71489417552948,0.8988422682975671,0.26630573979219696,0.3284664172237883,1.4111275672912598,0.8959004191907204
000087,14.226816344838909,14.10456114683727,2.1203417778015137,0.9028198078176589,7.651154117846653,7.658969368373806,1.6214087009429932,0.9328390472536396
000088,15.443030253696385,15.343862114863605,2.8652870655059814,0.9691336593289599,17.966014050891634,17.954786162223282,2.536952018737793,0.9578341455771272
000089,14.270913981462261,14.121695276127078,1.6798889636993408,0.9536240257787767,7.326544657012176,7.354731355502412,1.2070873975753784,0.937840026900258
000090,13.501398927790529,13.499930424531394,2.4115445613861084,0.868849149397957,7.583716753626906,7.576759030901506,1.1950178146362305,0.8217602870557584
000091,13.252994354124104,13.075814484839208,2.005018472671509,0.8365632818402713,9.049198458453892,9.05968243086173,1.2449047565460205,0.8331268287242154
000092,16.506211499919353,16.45731225486851,2.9669363498687744,0.9774552249434801,8.337949870543648,8.355367151285916,1.5513213872909546,0.9159363517809712
000093,19.096993088789752,19.04976573143422,3.2101099491119385,0.9649197292335585,16.91061914934756,16.911774716740705,2.080627918243408,0.925998874857021
000094,15.258877073149593,15.130368501159744,1.9637988805770874,0.9289511605189931,5.510403998794314,5.519509063433122,1.1947227716445923,0.8707702409654847
000095,11.910194206707526,12.483227993467107,1.7455546855926514,0.8803498351336821,4.305949321874292,4.317672769913003,1.2372701168060303,0.7375450865142362
000096,10.956804244490607,10.609385198787377,1.7737174034118652,0.9314782400184272,4.3872813111112166,4.40352447781996,1.1092826128005981,0.8656180530252626
000097,11.432080839135597,11.262902415850988,1.9932782649993896,0.9071216972352835,5.177675539359202,5.1943258615610945,1.1353890895843506,0.8094527852666467
000098,7.145550486055068,6.368494445268115,1.56100594997406,0.8661888888440246,8.451244872700803,8.50879737804754,1.1312971115112305,0.8186466007701856
000099,11.542506546858228,11.25690197106843,1.9691689014434814,0.9277788968422266,6.160044750555312,6.160670708067665,1.1586278676986694,0.855429089099619
000100,16.414585571479368,16.420411859911514,2.3494155406951904,0.9633939600969446,17.81485816012317,17.82842233462944,1.5857429504394531,0.9436266118872816
